{"stats":{"minecraft:picked_up":{"minecraft:oak_log":2,"minecraft:oak_sapling":1,"minecraft:oak_planks":1},"minecraft:mined":{"minecraft:grass":1,"minecraft:oak_log":2,"minecraft:oak_planks":1,"minecraft:oak_leaves":2},"minecraft:custom":{"minecraft:jump":13,"minecraft:time_since_rest":1513,"minecraft:leave_game":1,"minecraft:crouch_one_cm":72,"minecraft:play_one_minute":1513,"minecraft:damage_taken":20,"minecraft:sprint_one_cm":449,"minecraft:time_since_death":1513,"minecraft:walk_one_cm":3491,"minecraft:sneak_time":21,"minecraft:fall_one_cm":613},"minecraft:crafted":{"minecraft:oak_planks":8},"minecraft:used":{"minecraft:oak_planks":9}},"DataVersion":2586}